slug	title	category	prompt
5-simple-ways-to-boost-your-energy-naturally-this-week	5 Simple Ways to Boost Your Energy Naturally This Week	HEALTHY LIVING	Photorealistic editorial photograph for a health article titled "5 Simple Ways to Boost Your Energy Naturally This Week". Natural light, real people or real food/objects, warm emotional tone, sharp focus, shallow depth of field, 16:9, no text, no logos, no watermark.
collagen-what-it-actually-does-and-do-supplements-work	Collagen: What It Actually Does and Do Supplements Work?	NUTRITION	Photorealistic editorial photograph for a health article titled "Collagen: What It Actually Does and Do Supplements Work?". Natural light, real people or real food/objects, warm emotional tone, sharp focus, shallow depth of field, 16:9, no text, no logos, no watermark.
DV-EB-000001-bone-strength-blueprint	Bone Strength Blueprint	BONES & MOVEMENT	Photorealistic editorial photograph for a health article titled "Bone Strength Blueprint". Natural light, real people or real food/objects, warm emotional tone, sharp focus, shallow depth of field, 16:9, no text, no logos, no watermark.
eczema-and-psoriasis-whats-actually-happening-in-your-skin	Eczema and Psoriasis: What’s Actually Happening in Your Skin	EYES, EARS & SKIN	Photorealistic editorial photograph for a health article titled "Eczema and Psoriasis: What’s Actually Happening in Your Skin". Natural light, real people or real food/objects, warm emotional tone, sharp focus, shallow depth of field, 16:9, no text, no logos, no watermark.
anxiety-explained	Understanding Anxiety: What’s Actually Happening in Your Body	BRAIN & MIND	Photorealistic editorial photograph for a health article titled "Understanding Anxiety: What’s Actually Happening in Your Body". Natural light, real people or real food/objects, warm emotional tone, sharp focus, shallow depth of field, 16:9, no text, no logos, no watermark.
apples-health-guide	Apples Health Guide	NUTRITION	Photorealistic editorial photograph for a health article titled "Apples Health Guide". Natural light, real people or real food/objects, warm emotional tone, sharp focus, shallow depth of field, 16:9, no text, no logos, no watermark.
arthritis-joint-pain	Arthritis: Why Joints Become Painful Over Time	BONES & MOVEMENT	Photorealistic editorial photograph for a health article titled "Arthritis: Why Joints Become Painful Over Time". Natural light, real people or real food/objects, warm emotional tone, sharp focus, shallow depth of field, 16:9, no text, no logos, no watermark.
asthma-respiratory-health	Asthma and Respiratory Health: What Actually Happens	LUNGS & IMMUNITY	Photorealistic editorial photograph for a health article titled "Asthma and Respiratory Health: What Actually Happens". Natural light, real people or real food/objects, warm emotional tone, sharp focus, shallow depth of field, 16:9, no text, no logos, no watermark.
back-pain	Why Your Back Hurts — And What Actually Helps	BONES & MOVEMENT	Photorealistic editorial photograph for a health article titled "Why Your Back Hurts — And What Actually Helps". Natural light, real people or real food/objects, warm emotional tone, sharp focus, shallow depth of field, 16:9, no text, no logos, no watermark.
blood-circulation	How Blood Circulation Works: A Simple Guide	HEART & CIRCULATION	Photorealistic editorial photograph for a health article titled "How Blood Circulation Works: A Simple Guide". Natural light, real people or real food/objects, warm emotional tone, sharp focus, shallow depth of field, 16:9, no text, no logos, no watermark.
blood-pressure-warning-signs	High Blood Pressure Warning Signs: The Silent Signals Most People Miss	HEART & CIRCULATION	Photorealistic editorial photograph for a health article titled "High Blood Pressure Warning Signs: The Silent Signals Most People Miss". Natural light, real people or real food/objects, warm emotional tone, sharp focus, shallow depth of field, 16:9, no text, no logos, no watermark.
blood-pressure	High Blood Pressure: What You Actually Need to Know	HEART & CIRCULATION	Photorealistic editorial photograph for a health article titled "High Blood Pressure: What You Actually Need to Know". Natural light, real people or real food/objects, warm emotional tone, sharp focus, shallow depth of field, 16:9, no text, no logos, no watermark.
blood-sugar	Blood Sugar and Diabetes: A Simple Guide	METABOLIC HEALTH	Photorealistic editorial photograph for a health article titled "Blood Sugar and Diabetes: A Simple Guide". Natural light, real people or real food/objects, warm emotional tone, sharp focus, shallow depth of field, 16:9, no text, no logos, no watermark.
bone-anatomy-explained	Bone Anatomy Explained	BONES & MOVEMENT	Photorealistic editorial photograph for a health article titled "Bone Anatomy Explained". Natural light, real people or real food/objects, warm emotional tone, sharp focus, shallow depth of field, 16:9, no text, no logos, no watermark.
bone-density-calcium-guide	Bone Density Calcium Guide	BONES & MOVEMENT	Photorealistic editorial photograph for a health article titled "Bone Density Calcium Guide". Natural light, real people or real food/objects, warm emotional tone, sharp focus, shallow depth of field, 16:9, no text, no logos, no watermark.
brain-health	How Your Brain Works: A Simple Guide	BRAIN & MIND	Photorealistic editorial photograph for a health article titled "How Your Brain Works: A Simple Guide". Natural light, real people or real food/objects, warm emotional tone, sharp focus, shallow depth of field, 16:9, no text, no logos, no watermark.
breathing	A 2-Minute Breathing Exercise for Anxious Moments	BRAIN & MIND	Photorealistic editorial photograph for a health article titled "A 2-Minute Breathing Exercise for Anxious Moments". Natural light, real people or real food/objects, warm emotional tone, sharp focus, shallow depth of field, 16:9, no text, no logos, no watermark.
budget-high-protein-foods-that-actually-fit-a-grocery-budget	Budget High-Protein Foods That Actually Fit a Grocery Budget	NUTRITION	Photorealistic editorial photograph for a health article titled "Budget High-Protein Foods That Actually Fit a Grocery Budget". Natural light, real people or real food/objects, warm emotional tone, sharp focus, shallow depth of field, 16:9, no text, no logos, no watermark.
child-nutrition-growth	Child Nutrition Growth	NUTRITION	Photorealistic editorial photograph for a health article titled "Child Nutrition Growth". Natural light, real people or real food/objects, warm emotional tone, sharp focus, shallow depth of field, 16:9, no text, no logos, no watermark.
cholesterol	Cholesterol Explained: Good, Bad, and What to Do About It	HEART & CIRCULATION	Photorealistic editorial photograph for a health article titled "Cholesterol Explained: Good, Bad, and What to Do About It". Natural light, real people or real food/objects, warm emotional tone, sharp focus, shallow depth of field, 16:9, no text, no logos, no watermark.
cold-and-flu	Colds vs. Flu: What’s the Actual Difference	LUNGS & IMMUNITY	Photorealistic editorial photograph for a health article titled "Colds vs. Flu: What’s the Actual Difference". Natural light, real people or real food/objects, warm emotional tone, sharp focus, shallow depth of field, 16:9, no text, no logos, no watermark.
cold-plunges-ice-baths-what-science-says	Cold Plunges and Ice Baths: What the Science Actually Says	LUNGS & IMMUNITY	Photorealistic editorial photograph for a health article titled "Cold Plunges and Ice Baths: What the Science Actually Says". Natural light, real people or real food/objects, warm emotional tone, sharp focus, shallow depth of field, 16:9, no text, no logos, no watermark.
creatine-not-just-for-athletes	Creatine: Not Just for Athletes Anymore	NUTRITION	Photorealistic editorial photograph for a health article titled "Creatine: Not Just for Athletes Anymore". Natural light, real people or real food/objects, warm emotional tone, sharp focus, shallow depth of field, 16:9, no text, no logos, no watermark.
cyclosporiasis-outbreak-guide	Cyclosporiasis Outbreak Guide	GUT & DIGESTION	Photorealistic editorial photograph for a health article titled "Cyclosporiasis Outbreak Guide". Natural light, real people or real food/objects, warm emotional tone, sharp focus, shallow depth of field, 16:9, no text, no logos, no watermark.
dehydration	Why Dehydration Affects You More Than You Realize	NUTRITION	Photorealistic editorial photograph for a health article titled "Why Dehydration Affects You More Than You Realize". Natural light, real people or real food/objects, warm emotional tone, sharp focus, shallow depth of field, 16:9, no text, no logos, no watermark.
digital-eye-strain	Digital Eye Strain: Why Screens Exhaust Your Eyes	EYES, EARS & SKIN	Photorealistic editorial photograph for a health article titled "Digital Eye Strain: Why Screens Exhaust Your Eyes". Natural light, real people or real food/objects, warm emotional tone, sharp focus, shallow depth of field, 16:9, no text, no logos, no watermark.
ear-health-hearing	Ear Health Hearing	EYES, EARS & SKIN	Photorealistic editorial photograph for a health article titled "Ear Health Hearing". Natural light, real people or real food/objects, warm emotional tone, sharp focus, shallow depth of field, 16:9, no text, no logos, no watermark.
ear-hearing-warning-signs	Ear Hearing Warning Signs	EYES, EARS & SKIN	Photorealistic editorial photograph for a health article titled "Ear Hearing Warning Signs". Natural light, real people or real food/objects, warm emotional tone, sharp focus, shallow depth of field, 16:9, no text, no logos, no watermark.
eye-health	Simple Habits to Protect Your Eyesight	EYES, EARS & SKIN	Photorealistic editorial photograph for a health article titled "Simple Habits to Protect Your Eyesight". Natural light, real people or real food/objects, warm emotional tone, sharp focus, shallow depth of field, 16:9, no text, no logos, no watermark.
eye-warning-signs	Eye Warning Signs	EYES, EARS & SKIN	Photorealistic editorial photograph for a health article titled "Eye Warning Signs". Natural light, real people or real food/objects, warm emotional tone, sharp focus, shallow depth of field, 16:9, no text, no logos, no watermark.
foodborne-waterborne-illness	Foodborne and Waterborne Illness: What Actually Makes You Sick	GUT & DIGESTION	Photorealistic editorial photograph for a health article titled "Foodborne and Waterborne Illness: What Actually Makes You Sick". Natural light, real people or real food/objects, warm emotional tone, sharp focus, shallow depth of field, 16:9, no text, no logos, no watermark.
glp1-weight-loss-drugs-explained	GLP-1 Weight-Loss Drugs Explained	METABOLIC HEALTH	Photorealistic editorial photograph for a health article titled "GLP-1 Weight-Loss Drugs Explained". Natural light, real people or real food/objects, warm emotional tone, sharp focus, shallow depth of field, 16:9, no text, no logos, no watermark.
gut-health	Understanding Your Gut: A Simple Guide to Digestive Health	GUT & DIGESTION	Photorealistic editorial photograph for a health article titled "Understanding Your Gut: A Simple Guide to Digestive Health". Natural light, real people or real food/objects, warm emotional tone, sharp focus, shallow depth of field, 16:9, no text, no logos, no watermark.
hair-health	Why Your Hair Gets Weak — And How to Support It	EYES, EARS & SKIN	Photorealistic editorial photograph for a health article titled "Why Your Hair Gets Weak — And How to Support It". Natural light, real people or real food/objects, warm emotional tone, sharp focus, shallow depth of field, 16:9, no text, no logos, no watermark.
heart-attack-warning-signs-v2	Heart Attack Warning Signs: The Complete Guide	HEART & CIRCULATION	Photorealistic editorial photograph for a health article titled "Heart Attack Warning Signs: The Complete Guide". Natural light, real people or real food/objects, warm emotional tone, sharp focus, shallow depth of field, 16:9, no text, no logos, no watermark.
heart-health	Understanding Your Heart: A Simple Guide to Heart Health	HEART & CIRCULATION	Photorealistic editorial photograph for a health article titled "Understanding Your Heart: A Simple Guide to Heart Health". Natural light, real people or real food/objects, warm emotional tone, sharp focus, shallow depth of field, 16:9, no text, no logos, no watermark.
high-fiber-foods-25-easy-ways-to-increase-fiber-without-over	High-Fiber Foods: 25 Easy Ways to Increase Fiber	NUTRITION	Photorealistic editorial photograph for a health article titled "High-Fiber Foods: 25 Easy Ways to Increase Fiber". Natural light, real people or real food/objects, warm emotional tone, sharp focus, shallow depth of field, 16:9, no text, no logos, no watermark.
high-protein-breakfasts-for-busy-mornings	High-Protein Breakfasts for Busy Mornings	NUTRITION	Photorealistic editorial photograph for a health article titled "High-Protein Breakfasts for Busy Mornings". Natural light, real people or real food/objects, warm emotional tone, sharp focus, shallow depth of field, 16:9, no text, no logos, no watermark.
how-blood-works	How Blood Works	HEART & CIRCULATION	Photorealistic editorial photograph for a health article titled "How Blood Works". Natural light, real people or real food/objects, warm emotional tone, sharp focus, shallow depth of field, 16:9, no text, no logos, no watermark.
how-to-add-more-color-to-your-plate	How to Add More Color to Your Plate	Healthy Living	Photorealistic editorial photograph for a health article titled "How to Add More Color to Your Plate". Natural light, real people or real food/objects, warm emotional tone, sharp focus, shallow depth of field, 16:9, no text, no logos, no watermark.
how-to-add-movement-to-a-desk-job	How to Add Movement to a Desk Job	Healthy Living	Photorealistic editorial photograph for a health article titled "How to Add Movement to a Desk Job". Natural light, real people or real food/objects, warm emotional tone, sharp focus, shallow depth of field, 16:9, no text, no logos, no watermark.
how-to-avoid-germs-in-the-kitchen	How to Avoid Germs in the Kitchen	Healthy Living	Photorealistic editorial photograph for a health article titled "How to Avoid Germs in the Kitchen". Natural light, real people or real food/objects, warm emotional tone, sharp focus, shallow depth of field, 16:9, no text, no logos, no watermark.
how-to-brush-your-teeth-the-right-way	How to Brush Your Teeth the Right Way	Healthy Living	Photorealistic editorial photograph for a health article titled "How to Brush Your Teeth the Right Way". Natural light, real people or real food/objects, warm emotional tone, sharp focus, shallow depth of field, 16:9, no text, no logos, no watermark.
how-to-build-a-beginner-home-movement-routine	How to Build a Beginner Home Movement Routine	Healthy Living	Photorealistic editorial photograph for a health article titled "How to Build a Beginner Home Movement Routine". Natural light, real people or real food/objects, warm emotional tone, sharp focus, shallow depth of field, 16:9, no text, no logos, no watermark.
how-to-build-a-better-hand-washing-routine	How to Build a Better Hand-Washing Routine	Healthy Living	Photorealistic editorial photograph for a health article titled "How to Build a Better Hand-Washing Routine". Natural light, real people or real food/objects, warm emotional tone, sharp focus, shallow depth of field, 16:9, no text, no logos, no watermark.
how-to-build-a-better-work-from-home-wellness-routine	How to Build a Better Work-From-Home Wellness Routine	Healthy Living	Photorealistic editorial photograph for a health article titled "How to Build a Better Work-From-Home Wellness Routine". Natural light, real people or real food/objects, warm emotional tone, sharp focus, shallow depth of field, 16:9, no text, no logos, no watermark.
how-to-build-a-daily-routine-you-can-actually-follow	How to Build a Daily Routine You Can Actually Follow	Healthy Living	Photorealistic editorial photograph for a health article titled "How to Build a Daily Routine You Can Actually Follow". Natural light, real people or real food/objects, warm emotional tone, sharp focus, shallow depth of field, 16:9, no text, no logos, no watermark.
how-to-build-a-fresh-skin-routine	How to Build a Fresh Skin Routine	Healthy Living	Photorealistic editorial photograph for a health article titled "How to Build a Fresh Skin Routine". Natural light, real people or real food/objects, warm emotional tone, sharp focus, shallow depth of field, 16:9, no text, no logos, no watermark.
how-to-build-a-gentle-face-washing-routine	How to Build a Gentle Face-Washing Routine	Healthy Living	Photorealistic editorial photograph for a health article titled "How to Build a Gentle Face-Washing Routine". Natural light, real people or real food/objects, warm emotional tone, sharp focus, shallow depth of field, 16:9, no text, no logos, no watermark.
how-to-build-a-grocery-list-around-whole-foods	How to Build a Grocery List Around Whole Foods	Healthy Living	Photorealistic editorial photograph for a health article titled "How to Build a Grocery List Around Whole Foods". Natural light, real people or real food/objects, warm emotional tone, sharp focus, shallow depth of field, 16:9, no text, no logos, no watermark.
how-to-build-a-habit-without-relying-on-motivation	How to Build a Habit Without Relying on Motivation	Healthy Living	Photorealistic editorial photograph for a health article titled "How to Build a Habit Without Relying on Motivation". Natural light, real people or real food/objects, warm emotional tone, sharp focus, shallow depth of field, 16:9, no text, no logos, no watermark.
how-to-build-a-healthy-breakfast	How to Build a Healthy Breakfast	Healthy Living	Photorealistic editorial photograph for a health article titled "How to Build a Healthy Breakfast". Natural light, real people or real food/objects, warm emotional tone, sharp focus, shallow depth of field, 16:9, no text, no logos, no watermark.
how-to-build-a-heart-healthy-plate	How to Build a Heart-Healthy Plate	Healthy Living	Photorealistic editorial photograph for a health article titled "How to Build a Heart-Healthy Plate". Natural light, real people or real food/objects, warm emotional tone, sharp focus, shallow depth of field, 16:9, no text, no logos, no watermark.
how-to-build-a-morning-light-routine	How to Build a Morning Light Routine	Healthy Living	Photorealistic editorial photograph for a health article titled "How to Build a Morning Light Routine". Natural light, real people or real food/objects, warm emotional tone, sharp focus, shallow depth of field, 16:9, no text, no logos, no watermark.
how-to-build-a-morning-routine-without-waking-up-extremely-early	How to Build a Morning Routine Without Waking Up Extremely Early	Healthy Living	Photorealistic editorial photograph for a health article titled "How to Build a Morning Routine Without Waking Up Extremely Early". Natural light, real people or real food/objects, warm emotional tone, sharp focus, shallow depth of field, 16:9, no text, no logos, no watermark.
how-to-build-a-simple-gratitude-routine	How to Build a Simple Gratitude Routine	Healthy Living	Photorealistic editorial photograph for a health article titled "How to Build a Simple Gratitude Routine". Natural light, real people or real food/objects, warm emotional tone, sharp focus, shallow depth of field, 16:9, no text, no logos, no watermark.
how-to-build-a-simple-high-fiber-lunch	How to Build a Simple High-Fiber Lunch	Healthy Living	Photorealistic editorial photograph for a health article titled "How to Build a Simple High-Fiber Lunch". Natural light, real people or real food/objects, warm emotional tone, sharp focus, shallow depth of field, 16:9, no text, no logos, no watermark.
how-to-build-a-simple-morning-routine	How to Build a Simple Morning Routine	Healthy Living	Photorealistic editorial photograph for a health article titled "How to Build a Simple Morning Routine". Natural light, real people or real food/objects, warm emotional tone, sharp focus, shallow depth of field, 16:9, no text, no logos, no watermark.
how-to-build-a-simple-oral-care-routine	How to Build a Simple Oral-Care Routine	Healthy Living	Photorealistic editorial photograph for a health article titled "How to Build a Simple Oral-Care Routine". Natural light, real people or real food/objects, warm emotional tone, sharp focus, shallow depth of field, 16:9, no text, no logos, no watermark.
how-to-build-a-simple-personal-self-care-menu	How to Build a Simple Personal Self-Care Menu	Healthy Living	Photorealistic editorial photograph for a health article titled "How to Build a Simple Personal Self-Care Menu". Natural light, real people or real food/objects, warm emotional tone, sharp focus, shallow depth of field, 16:9, no text, no logos, no watermark.
how-to-build-a-simple-scalp-care-routine	How to Build a Simple Scalp-Care Routine	Healthy Living	Photorealistic editorial photograph for a health article titled "How to Build a Simple Scalp-Care Routine". Natural light, real people or real food/objects, warm emotional tone, sharp focus, shallow depth of field, 16:9, no text, no logos, no watermark.
how-to-build-a-simple-walking-routine	How to Build a Simple Walking Routine	Healthy Living	Photorealistic editorial photograph for a health article titled "How to Build a Simple Walking Routine". Natural light, real people or real food/objects, warm emotional tone, sharp focus, shallow depth of field, 16:9, no text, no logos, no watermark.
how-to-build-a-three-day-meal-prep-routine	How to Build a Three-Day Meal Prep Routine	Healthy Living	Photorealistic editorial photograph for a health article titled "How to Build a Three-Day Meal Prep Routine". Natural light, real people or real food/objects, warm emotional tone, sharp focus, shallow depth of field, 16:9, no text, no logos, no watermark.
how-to-build-a-weekly-wellness-check-in	How to Build a Weekly Wellness Check-In	Healthy Living	Photorealistic editorial photograph for a health article titled "How to Build a Weekly Wellness Check-In". Natural light, real people or real food/objects, warm emotional tone, sharp focus, shallow depth of field, 16:9, no text, no logos, no watermark.
how-to-build-an-evening-reset-routine	How to Build an Evening Reset Routine	Healthy Living	Photorealistic editorial photograph for a health article titled "How to Build an Evening Reset Routine". Natural light, real people or real food/objects, warm emotional tone, sharp focus, shallow depth of field, 16:9, no text, no logos, no watermark.
how-to-build-an-evening-routine	How to Build an Evening Routine	Healthy Living	Photorealistic editorial photograph for a health article titled "How to Build an Evening Routine". Natural light, real people or real food/objects, warm emotional tone, sharp focus, shallow depth of field, 16:9, no text, no logos, no watermark.
how-to-build-healthy-lunches	How to Build Healthy Lunches	Healthy Living	Photorealistic editorial photograph for a health article titled "How to Build Healthy Lunches". Natural light, real people or real food/objects, warm emotional tone, sharp focus, shallow depth of field, 16:9, no text, no logos, no watermark.
how-to-calm-an-anxious-moment	How to Calm an Anxious Moment	Healthy Living	Photorealistic editorial photograph for a health article titled "How to Calm an Anxious Moment". Natural light, real people or real food/objects, warm emotional tone, sharp focus, shallow depth of field, 16:9, no text, no logos, no watermark.
how-to-care-for-your-hair-daily	How to Care for Your Hair Daily	Healthy Living	Photorealistic editorial photograph for a health article titled "How to Care for Your Hair Daily". Natural light, real people or real food/objects, warm emotional tone, sharp focus, shallow depth of field, 16:9, no text, no logos, no watermark.
how-to-choose-fruits-for-heart-health	How to Choose Fruits for Heart Health	Healthy Living	Photorealistic editorial photograph for a health article titled "How to Choose Fruits for Heart Health". Natural light, real people or real food/objects, warm emotional tone, sharp focus, shallow depth of field, 16:9, no text, no logos, no watermark.
how-to-choose-vegetables-for-better-health	How to Choose Vegetables for Better Health	Healthy Living	Photorealistic editorial photograph for a health article titled "How to Choose Vegetables for Better Health". Natural light, real people or real food/objects, warm emotional tone, sharp focus, shallow depth of field, 16:9, no text, no logos, no watermark.
how-to-clean-reusable-water-bottles-properly	How to Clean Reusable Water Bottles Properly	Healthy Living	Photorealistic editorial photograph for a health article titled "How to Clean Reusable Water Bottles Properly". Natural light, real people or real food/objects, warm emotional tone, sharp focus, shallow depth of field, 16:9, no text, no logos, no watermark.
how-to-clean-your-mouth-and-tongue	How to Clean Your Mouth and Tongue	Healthy Living	Photorealistic editorial photograph for a health article titled "How to Clean Your Mouth and Tongue". Natural light, real people or real food/objects, warm emotional tone, sharp focus, shallow depth of field, 16:9, no text, no logos, no watermark.
how-to-clean-your-phone-more-safely	How to Clean Your Phone More Safely	Healthy Living	Photorealistic editorial photograph for a health article titled "How to Clean Your Phone More Safely". Natural light, real people or real food/objects, warm emotional tone, sharp focus, shallow depth of field, 16:9, no text, no logos, no watermark.
how-to-create-a-better-hydration-routine	How to Create a Better Hydration Routine	Healthy Living	Photorealistic editorial photograph for a health article titled "How to Create a Better Hydration Routine". Natural light, real people or real food/objects, warm emotional tone, sharp focus, shallow depth of field, 16:9, no text, no logos, no watermark.
how-to-create-a-calm-phone-free-hour	How to Create a Calm Phone-Free Hour	Healthy Living	Photorealistic editorial photograph for a health article titled "How to Create a Calm Phone-Free Hour". Natural light, real people or real food/objects, warm emotional tone, sharp focus, shallow depth of field, 16:9, no text, no logos, no watermark.
how-to-create-a-five-minute-journal-habit	How to Create a Five-Minute Journal Habit	Healthy Living	Photorealistic editorial photograph for a health article titled "How to Create a Five-Minute Journal Habit". Natural light, real people or real food/objects, warm emotional tone, sharp focus, shallow depth of field, 16:9, no text, no logos, no watermark.
how-to-create-a-five-minute-stretch-break	How to Create a Five-Minute Stretch Break	Healthy Living	Photorealistic editorial photograph for a health article titled "How to Create a Five-Minute Stretch Break". Natural light, real people or real food/objects, warm emotional tone, sharp focus, shallow depth of field, 16:9, no text, no logos, no watermark.
how-to-create-a-healthy-snack-station-at-home	How to Create a Healthy Snack Station at Home	Healthy Living	Photorealistic editorial photograph for a health article titled "How to Create a Healthy Snack Station at Home". Natural light, real people or real food/objects, warm emotional tone, sharp focus, shallow depth of field, 16:9, no text, no logos, no watermark.
how-to-create-a-healthy-travel-day-routine	How to Create a Healthy Travel-Day Routine	Healthy Living	Photorealistic editorial photograph for a health article titled "How to Create a Healthy Travel-Day Routine". Natural light, real people or real food/objects, warm emotional tone, sharp focus, shallow depth of field, 16:9, no text, no logos, no watermark.
how-to-create-a-simple-sunday-reset	How to Create a Simple Sunday Reset	Healthy Living	Photorealistic editorial photograph for a health article titled "How to Create a Simple Sunday Reset". Natural light, real people or real food/objects, warm emotional tone, sharp focus, shallow depth of field, 16:9, no text, no logos, no watermark.
how-to-cut-down-sugar-without-feeling-bad	How to Cut Down Sugar Without Feeling Bad	Healthy Living	Photorealistic editorial photograph for a health article titled "How to Cut Down Sugar Without Feeling Bad". Natural light, real people or real food/objects, warm emotional tone, sharp focus, shallow depth of field, 16:9, no text, no logos, no watermark.
how-to-drink-more-water-every-day	How to Drink More Water Every Day	Healthy Living	Photorealistic editorial photograph for a health article titled "How to Drink More Water Every Day". Natural light, real people or real food/objects, warm emotional tone, sharp focus, shallow depth of field, 16:9, no text, no logos, no watermark.
how-to-eat-more-fiber-easily	How to Eat More Fiber Easily	Healthy Living	Photorealistic editorial photograph for a health article titled "How to Eat More Fiber Easily". Natural light, real people or real food/objects, warm emotional tone, sharp focus, shallow depth of field, 16:9, no text, no logos, no watermark.
how-to-eat-more-fruit-without-wasting-it	How to Eat More Fruit Without Wasting It	Healthy Living	Photorealistic editorial photograph for a health article titled "How to Eat More Fruit Without Wasting It". Natural light, real people or real food/objects, warm emotional tone, sharp focus, shallow depth of field, 16:9, no text, no logos, no watermark.
how-to-eat-more-vegetables-without-making-complicated-meals	How to Eat More Vegetables Without Making Complicated Meals	Healthy Living	Photorealistic editorial photograph for a health article titled "How to Eat More Vegetables Without Making Complicated Meals". Natural light, real people or real food/objects, warm emotional tone, sharp focus, shallow depth of field, 16:9, no text, no logos, no watermark.
how-to-get-more-iron-from-food	How to Get More Iron From Food	Healthy Living	Photorealistic editorial photograph for a health article titled "How to Get More Iron From Food". Natural light, real people or real food/objects, warm emotional tone, sharp focus, shallow depth of field, 16:9, no text, no logos, no watermark.
how-to-get-more-vitamin-c-from-food	How to Get More Vitamin C From Food	Healthy Living	Photorealistic editorial photograph for a health article titled "How to Get More Vitamin C From Food". Natural light, real people or real food/objects, warm emotional tone, sharp focus, shallow depth of field, 16:9, no text, no logos, no watermark.
how-to-get-more-vitamin-d-safely	How to Get More Vitamin D Safely	Healthy Living	Photorealistic editorial photograph for a health article titled "How to Get More Vitamin D Safely". Natural light, real people or real food/objects, warm emotional tone, sharp focus, shallow depth of field, 16:9, no text, no logos, no watermark.
how-to-improve-posture-while-sitting	How to Improve Posture While Sitting	Healthy Living	Photorealistic editorial photograph for a health article titled "How to Improve Posture While Sitting". Natural light, real people or real food/objects, warm emotional tone, sharp focus, shallow depth of field, 16:9, no text, no logos, no watermark.
how-to-keep-feet-clean-and-healthy	How to Keep Feet Clean and Healthy	Healthy Living	Photorealistic editorial photograph for a health article titled "How to Keep Feet Clean and Healthy". Natural light, real people or real food/objects, warm emotional tone, sharp focus, shallow depth of field, 16:9, no text, no logos, no watermark.
how-to-keep-germs-off-your-hands	How to Keep Germs Off Your Hands	Healthy Living	Photorealistic editorial photograph for a health article titled "How to Keep Germs Off Your Hands". Natural light, real people or real food/objects, warm emotional tone, sharp focus, shallow depth of field, 16:9, no text, no logos, no watermark.
how-to-keep-skin-fresh-in-summer	How to Keep Skin Fresh in Summer	Healthy Living	Photorealistic editorial photograph for a health article titled "How to Keep Skin Fresh in Summer". Natural light, real people or real food/objects, warm emotional tone, sharp focus, shallow depth of field, 16:9, no text, no logos, no watermark.
how-to-keep-towels-cleaner-and-fresher	How to Keep Towels Cleaner and Fresher	Healthy Living	Photorealistic editorial photograph for a health article titled "How to Keep Towels Cleaner and Fresher". Natural light, real people or real food/objects, warm emotional tone, sharp focus, shallow depth of field, 16:9, no text, no logos, no watermark.
how-to-keep-your-pillowcase-routine-skin-friendly	How to Keep Your Pillowcase Routine Skin-Friendly	Healthy Living	Photorealistic editorial photograph for a health article titled "How to Keep Your Pillowcase Routine Skin-Friendly". Natural light, real people or real food/objects, warm emotional tone, sharp focus, shallow depth of field, 16:9, no text, no logos, no watermark.
how-to-lower-salt-in-your-diet	How to Lower Salt in Your Diet	Healthy Living	Photorealistic editorial photograph for a health article titled "How to Lower Salt in Your Diet". Natural light, real people or real food/objects, warm emotional tone, sharp focus, shallow depth of field, 16:9, no text, no logos, no watermark.
how-to-make-a-better-bedtime-routine	How to Make a Better Bedtime Routine	Healthy Living	Photorealistic editorial photograph for a health article titled "How to Make a Better Bedtime Routine". Natural light, real people or real food/objects, warm emotional tone, sharp focus, shallow depth of field, 16:9, no text, no logos, no watermark.
how-to-make-your-skin-look-fresh-before-bed	How to Make Your Skin Look Fresh Before Bed	Healthy Living	Photorealistic editorial photograph for a health article titled "How to Make Your Skin Look Fresh Before Bed". Natural light, real people or real food/objects, warm emotional tone, sharp focus, shallow depth of field, 16:9, no text, no logos, no watermark.
how-to-manage-stress-step-by-step	How to Manage Stress Step by Step	Healthy Living	Photorealistic editorial photograph for a health article titled "How to Manage Stress Step by Step". Natural light, real people or real food/objects, warm emotional tone, sharp focus, shallow depth of field, 16:9, no text, no logos, no watermark.
how-to-organize-a-fridge-for-healthier-choices	How to Organize a Fridge for Healthier Choices	Healthy Living	Photorealistic editorial photograph for a health article titled "How to Organize a Fridge for Healthier Choices". Natural light, real people or real food/objects, warm emotional tone, sharp focus, shallow depth of field, 16:9, no text, no logos, no watermark.
how-to-plan-a-week-of-easy-healthy-breakfasts	How to Plan a Week of Easy Healthy Breakfasts	Healthy Living	Photorealistic editorial photograph for a health article titled "How to Plan a Week of Easy Healthy Breakfasts". Natural light, real people or real food/objects, warm emotional tone, sharp focus, shallow depth of field, 16:9, no text, no logos, no watermark.
how-to-plan-tomorrow-in-10-minutes-tonight	How to Plan Tomorrow in 10 Minutes Tonight	Healthy Living	Photorealistic editorial photograph for a health article titled "How to Plan Tomorrow in 10 Minutes Tonight". Natural light, real people or real food/objects, warm emotional tone, sharp focus, shallow depth of field, 16:9, no text, no logos, no watermark.
how-to-prepare-your-bedroom-for-better-sleep	How to Prepare Your Bedroom for Better Sleep	Healthy Living	Photorealistic editorial photograph for a health article titled "How to Prepare Your Bedroom for Better Sleep". Natural light, real people or real food/objects, warm emotional tone, sharp focus, shallow depth of field, 16:9, no text, no logos, no watermark.
how-to-prevent-dehydration-in-hot-weather	How to Prevent Dehydration in Hot Weather	Healthy Living	Photorealistic editorial photograph for a health article titled "How to Prevent Dehydration in Hot Weather". Natural light, real people or real food/objects, warm emotional tone, sharp focus, shallow depth of field, 16:9, no text, no logos, no watermark.
how-to-protect-bone-health-as-you-age	How to Protect Bone Health as You Age	Healthy Living	Photorealistic editorial photograph for a health article titled "How to Protect Bone Health as You Age". Natural light, real people or real food/objects, warm emotional tone, sharp focus, shallow depth of field, 16:9, no text, no logos, no watermark.
how-to-protect-your-eyes-from-screens	How to Protect Your Eyes from Screens	Healthy Living	Photorealistic editorial photograph for a health article titled "How to Protect Your Eyes from Screens". Natural light, real people or real food/objects, warm emotional tone, sharp focus, shallow depth of field, 16:9, no text, no logos, no watermark.
how-to-protect-your-hair-from-everyday-breakage	How to Protect Your Hair From Everyday Breakage	Healthy Living	Photorealistic editorial photograph for a health article titled "How to Protect Your Hair From Everyday Breakage". Natural light, real people or real food/objects, warm emotional tone, sharp focus, shallow depth of field, 16:9, no text, no logos, no watermark.
how-to-protect-your-lungs-from-dust-and-smoke	How to Protect Your Lungs From Dust and Smoke	Healthy Living	Photorealistic editorial photograph for a health article titled "How to Protect Your Lungs From Dust and Smoke". Natural light, real people or real food/objects, warm emotional tone, sharp focus, shallow depth of field, 16:9, no text, no logos, no watermark.
how-to-read-food-labels	How to Read Food Labels	Healthy Living	Photorealistic editorial photograph for a health article titled "How to Read Food Labels". Natural light, real people or real food/objects, warm emotional tone, sharp focus, shallow depth of field, 16:9, no text, no logos, no watermark.
how-to-recognize-dehydration-signs	How to Recognize Dehydration Signs	Healthy Living	Photorealistic editorial photograph for a health article titled "How to Recognize Dehydration Signs". Natural light, real people or real food/objects, warm emotional tone, sharp focus, shallow depth of field, 16:9, no text, no logos, no watermark.
how-to-recover-after-a-bad-night-of-sleep	How to Recover After a Bad Night of Sleep	Healthy Living	Photorealistic editorial photograph for a health article titled "How to Recover After a Bad Night of Sleep". Natural light, real people or real food/objects, warm emotional tone, sharp focus, shallow depth of field, 16:9, no text, no logos, no watermark.
how-to-reduce-back-pain-at-home	How to Reduce Back Pain at Home	Healthy Living	Photorealistic editorial photograph for a health article titled "How to Reduce Back Pain at Home". Natural light, real people or real food/objects, warm emotional tone, sharp focus, shallow depth of field, 16:9, no text, no logos, no watermark.
how-to-refresh-your-mind-after-a-long-workday	How to Refresh Your Mind After a Long Workday	Healthy Living	Photorealistic editorial photograph for a health article titled "How to Refresh Your Mind After a Long Workday". Natural light, real people or real food/objects, warm emotional tone, sharp focus, shallow depth of field, 16:9, no text, no logos, no watermark.
how-to-reset-your-routine-after-a-busy-week	How to Reset Your Routine After a Busy Week	Healthy Living	Photorealistic editorial photograph for a health article titled "How to Reset Your Routine After a Busy Week". Natural light, real people or real food/objects, warm emotional tone, sharp focus, shallow depth of field, 16:9, no text, no logos, no watermark.
how-to-sleep-better-at-night	How to Sleep Better at Night	Healthy Living	Photorealistic editorial photograph for a health article titled "How to Sleep Better at Night". Natural light, real people or real food/objects, warm emotional tone, sharp focus, shallow depth of field, 16:9, no text, no logos, no watermark.
how-to-start-a-10-minute-focus-routine	How to Start a 10-Minute Focus Routine	Healthy Living	Photorealistic editorial photograph for a health article titled "How to Start a 10-Minute Focus Routine". Natural light, real people or real food/objects, warm emotional tone, sharp focus, shallow depth of field, 16:9, no text, no logos, no watermark.
how-to-start-a-digital-detox-a-beginner-s-guide-to-reclaimin	How to Start a Digital Detox: A Beginner’s Guide	BRAIN & MIND	Photorealistic editorial photograph for a health article titled "How to Start a Digital Detox: A Beginner’s Guide". Natural light, real people or real food/objects, warm emotional tone, sharp focus, shallow depth of field, 16:9, no text, no logos, no watermark.
how-to-start-a-digital-detox-without-feeling-overwhelmed	How to Start a Digital Detox Without Feeling Overwhelmed	BRAIN & MIND	Photorealistic editorial photograph for a health article titled "How to Start a Digital Detox Without Feeling Overwhelmed". Natural light, real people or real food/objects, warm emotional tone, sharp focus, shallow depth of field, 16:9, no text, no logos, no watermark.
how-to-start-walking-every-day	How to Start Walking Every Day	Healthy Living	Photorealistic editorial photograph for a health article titled "How to Start Walking Every Day". Natural light, real people or real food/objects, warm emotional tone, sharp focus, shallow depth of field, 16:9, no text, no logos, no watermark.
how-to-stay-clean-while-traveling	How to Stay Clean While Traveling	Healthy Living	Photorealistic editorial photograph for a health article titled "How to Stay Clean While Traveling". Natural light, real people or real food/objects, warm emotional tone, sharp focus, shallow depth of field, 16:9, no text, no logos, no watermark.
how-to-store-food-safely-at-home	How to Store Food Safely at Home	Healthy Living	Photorealistic editorial photograph for a health article titled "How to Store Food Safely at Home". Natural light, real people or real food/objects, warm emotional tone, sharp focus, shallow depth of field, 16:9, no text, no logos, no watermark.
how-to-store-leftovers-more-safely	How to Store Leftovers More Safely	Healthy Living	Photorealistic editorial photograph for a health article titled "How to Store Leftovers More Safely". Natural light, real people or real food/objects, warm emotional tone, sharp focus, shallow depth of field, 16:9, no text, no logos, no watermark.
how-to-support-gut-health-every-day	How to Support Gut Health Every Day	Healthy Living	Photorealistic editorial photograph for a health article titled "How to Support Gut Health Every Day". Natural light, real people or real food/objects, warm emotional tone, sharp focus, shallow depth of field, 16:9, no text, no logos, no watermark.
how-to-support-immunity-naturally	How to Support Immunity Naturally	Healthy Living	Photorealistic editorial photograph for a health article titled "How to Support Immunity Naturally". Natural light, real people or real food/objects, warm emotional tone, sharp focus, shallow depth of field, 16:9, no text, no logos, no watermark.
how-to-support-kidney-health-daily	How to Support Kidney Health Daily	Healthy Living	Photorealistic editorial photograph for a health article titled "How to Support Kidney Health Daily". Natural light, real people or real food/objects, warm emotional tone, sharp focus, shallow depth of field, 16:9, no text, no logos, no watermark.
how-to-support-your-liver-daily	How to Support Your Liver Daily	Healthy Living	Photorealistic editorial photograph for a health article titled "How to Support Your Liver Daily". Natural light, real people or real food/objects, warm emotional tone, sharp focus, shallow depth of field, 16:9, no text, no logos, no watermark.
how-to-take-a-better-screen-break	How to Take a Better Screen Break	Healthy Living	Photorealistic editorial photograph for a health article titled "How to Take a Better Screen Break". Natural light, real people or real food/objects, warm emotional tone, sharp focus, shallow depth of field, 16:9, no text, no logos, no watermark.
how-to-take-care-of-your-joints	How to Take Care of Your Joints	Healthy Living	Photorealistic editorial photograph for a health article titled "How to Take Care of Your Joints". Natural light, real people or real food/objects, warm emotional tone, sharp focus, shallow depth of field, 16:9, no text, no logos, no watermark.
how-to-track-energy-levels-without-obsessing	How to Track Energy Levels Without Obsessing	Healthy Living	Photorealistic editorial photograph for a health article titled "How to Track Energy Levels Without Obsessing". Natural light, real people or real food/objects, warm emotional tone, sharp focus, shallow depth of field, 16:9, no text, no logos, no watermark.
how-to-use-a-daily-top-3-task-list	How to Use a Daily Top-3 Task List	Healthy Living	Photorealistic editorial photograph for a health article titled "How to Use a Daily Top-3 Task List". Natural light, real people or real food/objects, warm emotional tone, sharp focus, shallow depth of field, 16:9, no text, no logos, no watermark.
how-to-wash-fresh-produce-safely	How to Wash Fresh Produce Safely	Healthy Living	Photorealistic editorial photograph for a health article titled "How to Wash Fresh Produce Safely". Natural light, real people or real food/objects, warm emotional tone, sharp focus, shallow depth of field, 16:9, no text, no logos, no watermark.
how-to-wash-your-face-the-right-way	How to Wash Your Face the Right Way	Healthy Living	Photorealistic editorial photograph for a health article titled "How to Wash Your Face the Right Way". Natural light, real people or real food/objects, warm emotional tone, sharp focus, shallow depth of field, 16:9, no text, no logos, no watermark.
how-to-wash-your-hands-properly	How to Wash Your Hands Properly	Healthy Living	Photorealistic editorial photograph for a health article titled "How to Wash Your Hands Properly". Natural light, real people or real food/objects, warm emotional tone, sharp focus, shallow depth of field, 16:9, no text, no logos, no watermark.
how-to-wind-down-after-screen-time	How to Wind Down After Screen Time	Healthy Living	Photorealistic editorial photograph for a health article titled "How to Wind Down After Screen Time". Natural light, real people or real food/objects, warm emotional tone, sharp focus, shallow depth of field, 16:9, no text, no logos, no watermark.
hydration-electrolytes	Hydration vs. Electrolytes: What Your Body Actually Needs	NUTRITION	Photorealistic editorial photograph for a health article titled "Hydration vs. Electrolytes: What Your Body Actually Needs". Natural light, real people or real food/objects, warm emotional tone, sharp focus, shallow depth of field, 16:9, no text, no logos, no watermark.
immune-system	How Your Immune System Really Works	LUNGS & IMMUNITY	Photorealistic editorial photograph for a health article titled "How Your Immune System Really Works". Natural light, real people or real food/objects, warm emotional tone, sharp focus, shallow depth of field, 16:9, no text, no logos, no watermark.
iron-deficiency-anemia	Iron Deficiency & Anemia: Why You Feel Tired All the Time	NUTRITION	Photorealistic editorial photograph for a health article titled "Iron Deficiency & Anemia: Why You Feel Tired All the Time". Natural light, real people or real food/objects, warm emotional tone, sharp focus, shallow depth of field, 16:9, no text, no logos, no watermark.
joint-bone-health	Keeping Your Joints and Bones Strong: A Simple Guide	BONES & MOVEMENT	Photorealistic editorial photograph for a health article titled "Keeping Your Joints and Bones Strong: A Simple Guide". Natural light, real people or real food/objects, warm emotional tone, sharp focus, shallow depth of field, 16:9, no text, no logos, no watermark.
kidney-anatomy-explained	Kidney Anatomy Explained	KIDNEY & URINARY	Photorealistic editorial photograph for a health article titled "Kidney Anatomy Explained". Natural light, real people or real food/objects, warm emotional tone, sharp focus, shallow depth of field, 16:9, no text, no logos, no watermark.
kidney-health	Understanding Your Kidneys: Why They Matter More Than You Think	KIDNEY & URINARY	Photorealistic editorial photograph for a health article titled "Understanding Your Kidneys: Why They Matter More Than You Think". Natural light, real people or real food/objects, warm emotional tone, sharp focus, shallow depth of field, 16:9, no text, no logos, no watermark.
kidney-stones	Kidney Stones	KIDNEY & URINARY	Photorealistic editorial photograph for a health article titled "Kidney Stones". Natural light, real people or real food/objects, warm emotional tone, sharp focus, shallow depth of field, 16:9, no text, no logos, no watermark.
kidney-warning-signs	Kidney Warning Signs	KIDNEY & URINARY	Photorealistic editorial photograph for a health article titled "Kidney Warning Signs". Natural light, real people or real food/objects, warm emotional tone, sharp focus, shallow depth of field, 16:9, no text, no logos, no watermark.
liver-detox-myths-facts	Your Liver and Detox: Separating Myths From Facts	HEALTHY LIVING	Photorealistic editorial photograph for a health article titled "Your Liver and Detox: Separating Myths From Facts". Natural light, real people or real food/objects, warm emotional tone, sharp focus, shallow depth of field, 16:9, no text, no logos, no watermark.
lung-health-complete-guide	Your Lungs: A Complete Guide to Breathing and Respiratory Health	LUNGS & IMMUNITY	Photorealistic editorial photograph for a health article titled "Your Lungs: A Complete Guide to Breathing and Respiratory Health". Natural light, real people or real food/objects, warm emotional tone, sharp focus, shallow depth of field, 16:9, no text, no logos, no watermark.
magnesium-guide	Magnesium: The Trending Supplement Everyone’s Talking About	NUTRITION	Photorealistic editorial photograph for a health article titled "Magnesium: The Trending Supplement Everyone’s Talking About". Natural light, real people or real food/objects, warm emotional tone, sharp focus, shallow depth of field, 16:9, no text, no logos, no watermark.
menopause-basics	Menopause: What’s Actually Happening in the Body	HEALTHY LIVING	Photorealistic editorial photograph for a health article titled "Menopause: What’s Actually Happening in the Body". Natural light, real people or real food/objects, warm emotional tone, sharp focus, shallow depth of field, 16:9, no text, no logos, no watermark.
microplastics-and-your-health	Microplastics and Your Health: What to Know	HEALTHY LIVING	Photorealistic editorial photograph for a health article titled "Microplastics and Your Health: What to Know". Natural light, real people or real food/objects, warm emotional tone, sharp focus, shallow depth of field, 16:9, no text, no logos, no watermark.
mindful-eating-vs-dieting-why-one-works-better-for-long-term	Mindful Eating vs. Dieting: Why One Works Better for Long-Term Health	GUT & DIGESTION	Photorealistic editorial photograph for a health article titled "Mindful Eating vs. Dieting: Why One Works Better for Long-Term Health". Natural light, real people or real food/objects, warm emotional tone, sharp focus, shallow depth of field, 16:9, no text, no logos, no watermark.
oral-health	Mouth Ulcers, Sores, and Oral Germs: A Complete Guide	EYES, EARS & SKIN	Photorealistic editorial photograph for a health article titled "Mouth Ulcers, Sores, and Oral Germs: A Complete Guide". Natural light, real people or real food/objects, warm emotional tone, sharp focus, shallow depth of field, 16:9, no text, no logos, no watermark.
posture-and-health	Why Posture Matters More Than You Think	BONES & MOVEMENT	Photorealistic editorial photograph for a health article titled "Why Posture Matters More Than You Think". Natural light, real people or real food/objects, warm emotional tone, sharp focus, shallow depth of field, 16:9, no text, no logos, no watermark.
prostate-health	Prostate Health	KIDNEY & URINARY	Photorealistic editorial photograph for a health article titled "Prostate Health". Natural light, real people or real food/objects, warm emotional tone, sharp focus, shallow depth of field, 16:9, no text, no logos, no watermark.
screen-time	How to Reduce Screen Time Without Feeling Deprived	BRAIN & MIND	Photorealistic editorial photograph for a health article titled "How to Reduce Screen Time Without Feeling Deprived". Natural light, real people or real food/objects, warm emotional tone, sharp focus, shallow depth of field, 16:9, no text, no logos, no watermark.
simple-desk-stretches-to-improve-posture-and-reduce-pain	Simple Desk Stretches to Improve Posture and Reduce Pain	BONES & MOVEMENT	Photorealistic editorial photograph for a health article titled "Simple Desk Stretches to Improve Posture and Reduce Pain". Natural light, real people or real food/objects, warm emotional tone, sharp focus, shallow depth of field, 16:9, no text, no logos, no watermark.
skin-anatomy-explained	Skin Anatomy Explained	EYES, EARS & SKIN	Photorealistic editorial photograph for a health article titled "Skin Anatomy Explained". Natural light, real people or real food/objects, warm emotional tone, sharp focus, shallow depth of field, 16:9, no text, no logos, no watermark.
skin-barrier-explained	Your Skin Barrier: Why It’s the Key to Healthy Skin	EYES, EARS & SKIN	Photorealistic editorial photograph for a health article titled "Your Skin Barrier: Why It’s the Key to Healthy Skin". Natural light, real people or real food/objects, warm emotional tone, sharp focus, shallow depth of field, 16:9, no text, no logos, no watermark.
skin-health	What Your Skin Is Trying to Tell You	EYES, EARS & SKIN	Photorealistic editorial photograph for a health article titled "What Your Skin Is Trying to Tell You". Natural light, real people or real food/objects, warm emotional tone, sharp focus, shallow depth of field, 16:9, no text, no logos, no watermark.
stomach-warning-signs	Stomach Warning Signs	GUT & DIGESTION	Photorealistic editorial photograph for a health article titled "Stomach Warning Signs". Natural light, real people or real food/objects, warm emotional tone, sharp focus, shallow depth of field, 16:9, no text, no logos, no watermark.
stress-hormones-cortisol	Cortisol and Chronic Stress: What’s Actually Happening	BRAIN & MIND	Photorealistic editorial photograph for a health article titled "Cortisol and Chronic Stress: What’s Actually Happening". Natural light, real people or real food/objects, warm emotional tone, sharp focus, shallow depth of field, 16:9, no text, no logos, no watermark.
stretches	Stretches	BONES & MOVEMENT	Photorealistic editorial photograph for a health article titled "Stretches". Natural light, real people or real food/objects, warm emotional tone, sharp focus, shallow depth of field, 16:9, no text, no logos, no watermark.
teeth-nails-health	Caring for Your Teeth and Nails: A Simple Guide	EYES, EARS & SKIN	Photorealistic editorial photograph for a health article titled "Caring for Your Teeth and Nails: A Simple Guide". Natural light, real people or real food/objects, warm emotional tone, sharp focus, shallow depth of field, 16:9, no text, no logos, no watermark.
the-benefits-of-walking-for-mental-well-being-more-than-just	The Benefits of Walking for Mental Well-Being	BRAIN & MIND	Photorealistic editorial photograph for a health article titled "The Benefits of Walking for Mental Well-Being". Natural light, real people or real food/objects, warm emotional tone, sharp focus, shallow depth of field, 16:9, no text, no logos, no watermark.
the-truth-about-gut-health-what-you-need-to-know-beyond-prob	The Truth About Gut Health: What You Need to Know Beyond Probiotics	GUT & DIGESTION	Photorealistic editorial photograph for a health article titled "The Truth About Gut Health: What You Need to Know Beyond Probiotics". Natural light, real people or real food/objects, warm emotional tone, sharp focus, shallow depth of field, 16:9, no text, no logos, no watermark.
the-truth-about-gut-health-what-you-need-to-know-beyond-the-	The Truth About Gut Health: Beyond the Hype	GUT & DIGESTION	Photorealistic editorial photograph for a health article titled "The Truth About Gut Health: Beyond the Hype". Natural light, real people or real food/objects, warm emotional tone, sharp focus, shallow depth of field, 16:9, no text, no logos, no watermark.
thyroid-health	Your Thyroid: The Small Gland With a Big Job	METABOLIC HEALTH	Photorealistic editorial photograph for a health article titled "Your Thyroid: The Small Gland With a Big Job". Natural light, real people or real food/objects, warm emotional tone, sharp focus, shallow depth of field, 16:9, no text, no logos, no watermark.
understanding-allergies	Understanding Allergies: Why Your Body Overreacts	LUNGS & IMMUNITY	Photorealistic editorial photograph for a health article titled "Understanding Allergies: Why Your Body Overreacts". Natural light, real people or real food/objects, warm emotional tone, sharp focus, shallow depth of field, 16:9, no text, no logos, no watermark.
understanding-cancer	Understanding Cancer: How It Develops	HEALTHY LIVING	Photorealistic editorial photograph for a health article titled "Understanding Cancer: How It Develops". Natural light, real people or real food/objects, warm emotional tone, sharp focus, shallow depth of field, 16:9, no text, no logos, no watermark.
understanding-your-body-s-hunger-cues-a-step-towards-mindful	Understanding Your Body’s Hunger Cues: A Step Toward Mindful Eating	GUT & DIGESTION	Photorealistic editorial photograph for a health article titled "Understanding Your Body’s Hunger Cues: A Step Toward Mindful Eating". Natural light, real people or real food/objects, warm emotional tone, sharp focus, shallow depth of field, 16:9, no text, no logos, no watermark.
understanding-your-stress-triggers-a-first-step-to-better-me	Understanding Your Stress Triggers: A First Step to Better Mental Wellness	BRAIN & MIND	Photorealistic editorial photograph for a health article titled "Understanding Your Stress Triggers: A First Step to Better Mental Wellness". Natural light, real people or real food/objects, warm emotional tone, sharp focus, shallow depth of field, 16:9, no text, no logos, no watermark.
vagus-nerve-nervous-system-regulation	The Vagus Nerve and Nervous System Regulation	BRAIN & MIND	Photorealistic editorial photograph for a health article titled "The Vagus Nerve and Nervous System Regulation". Natural light, real people or real food/objects, warm emotional tone, sharp focus, shallow depth of field, 16:9, no text, no logos, no watermark.
vitamins-minerals	Vitamins and Minerals: What Your Body Actually Needs	NUTRITION	Photorealistic editorial photograph for a health article titled "Vitamins and Minerals: What Your Body Actually Needs". Natural light, real people or real food/objects, warm emotional tone, sharp focus, shallow depth of field, 16:9, no text, no logos, no watermark.
weight-loss-metabolism	How Metabolism Actually Works	METABOLIC HEALTH	Photorealistic editorial photograph for a health article titled "How Metabolism Actually Works". Natural light, real people or real food/objects, warm emotional tone, sharp focus, shallow depth of field, 16:9, no text, no logos, no watermark.
why-hair-turns-gray	Why Hair Turns Gray	EYES, EARS & SKIN	Photorealistic editorial photograph for a health article titled "Why Hair Turns Gray". Natural light, real people or real food/objects, warm emotional tone, sharp focus, shallow depth of field, 16:9, no text, no logos, no watermark.
why-height-differs	Why Height Differs	BONES & MOVEMENT	Photorealistic editorial photograph for a health article titled "Why Height Differs". Natural light, real people or real food/objects, warm emotional tone, sharp focus, shallow depth of field, 16:9, no text, no logos, no watermark.
wind-down	How to Actually Wind Down at Night	HEALTHY LIVING	Photorealistic editorial photograph for a health article titled "How to Actually Wind Down at Night". Natural light, real people or real food/objects, warm emotional tone, sharp focus, shallow depth of field, 16:9, no text, no logos, no watermark.